ID,Gender,Age,Debt,Married,BankCustomer,Industry,Ethnicity,YearsEmployed,PriorDefault,Employed,CreditScore,DriversLicense,Citizen,ZipCode,Income,Approved
1,1,30.83,0.0,1,1,Industrials,White,1.25,1,1,1,0,ByBirth,202,0,1
2,0,58.67,4.46,1,1,Materials,Black,3.04,1,1,6,0,ByBirth,43,560,1
3,0,24.5,0.5,1,1,Materials,Black,1.5,1,0,0,0,ByBirth,280,824,1
4,1,27.83,1.54,1,1,Industrials,White,3.75,1,1,5,1,ByBirth,100,3,1
5,1,20.17,5.625,1,1,Industrials,White,1.71,1,0,0,0,ByOtherMeans,120,0,1
6,1,32.08,4.0,1,1,CommunicationServices,White,2.5,1,0,0,1,ByBirth,360,0,1
7,1,33.17,1.04,1,1,Transport,Black,6.5,1,0,0,1,ByBirth,164,31285,1
8,0,22.92,11.585,1,1,InformationTechnology,White,0.04,1,0,0,0,ByBirth,80,1349,1
9,1,54.42,0.5,0,0,Financials,Black,3.96,1,0,0,0,ByBirth,180,314,1
10,1,42.5,4.915,0,0,Industrials,White,3.165,1,0,0,1,ByBirth,52,1442,1
11,1,22.08,0.83,1,1,Energy,Black,2.165,0,0,0,1,ByBirth,128,0,1
12,1,29.92,1.835,1,1,Energy,Black,4.335,1,0,0,0,ByBirth,260,200,1
13,0,38.25,6.0,1,1,Financials,White,1.0,1,0,0,1,ByBirth,0,0,1
14,1,48.08,6.04,1,1,Financials,White,0.04,0,0,0,0,ByBirth,0,2690,1
15,0,45.83,10.5,1,1,Materials,White,5.0,1,1,7,1,ByBirth,0,0,1
16,1,36.67,4.415,0,0,Financials,White,0.25,1,1,10,1,ByBirth,320,0,1
17,1,28.25,0.875,1,1,CommunicationServices,White,0.96,1,1,3,1,ByBirth,396,0,1
18,0,23.25,5.875,1,1,Materials,White,3.17,1,1,10,0,ByBirth,120,245,1
19,1,21.83,0.25,1,1,Real Estate,Black,0.665,1,0,0,1,ByBirth,0,0,1
20,0,19.17,8.585,1,1,InformationTechnology,Black,0.75,1,1,7,0,ByBirth,96,0,1
21,1,25.0,11.25,1,1,Energy,White,2.5,1,1,17,0,ByBirth,200,1208,1
22,1,23.25,1.0,1,1,Energy,White,0.835,1,0,0,0,ByOtherMeans,300,0,1
23,0,47.75,8.0,1,1,Energy,White,7.875,1,1,6,1,ByBirth,0,1260,1
24,0,27.42,14.5,1,1,Utilities,Black,3.085,1,1,1,0,ByBirth,120,11,1
25,0,41.17,6.5,1,1,Materials,White,0.5,1,1,3,1,ByBirth,145,0,1
26,0,15.83,0.585,1,1,Energy,Black,1.5,1,1,2,0,ByBirth,100,0,1
27,0,47.0,13.0,1,1,ConsumerDiscretionary,Asian,5.165,1,1,9,1,ByBirth,0,0,1
28,1,56.58,18.5,1,1,Real Estate,Asian,15.0,1,1,17,1,ByBirth,0,0,1
29,1,57.42,8.5,1,1,Education,Black,7.0,1,1,3,0,ByBirth,0,0,1
30,1,42.08,1.04,1,1,Industrials,White,5.0,1,1,6,1,ByBirth,500,10000,1
31,1,29.25,14.79,1,1,ConsumerStaples,White,5.04,1,1,5,1,ByBirth,168,0,1
32,1,42.0,9.79,1,1,Utilities,Black,7.96,1,1,8,0,ByBirth,0,0,1
33,1,49.5,7.585,1,1,ConsumerDiscretionary,Asian,7.585,1,1,15,1,ByBirth,0,5000,1
34,0,36.75,5.125,1,1,Education,White,5.0,1,0,0,1,ByBirth,0,4000,1
35,0,22.58,10.75,1,1,Materials,White,0.415,1,1,5,1,ByBirth,0,560,1
36,1,27.83,1.5,1,1,Industrials,White,2.0,1,1,11,1,ByBirth,434,35,1
37,1,27.25,1.585,1,1,InformationTechnology,Black,1.835,1,1,12,1,ByBirth,583,713,1
38,0,23.0,11.75,1,1,Utilities,Black,0.5,1,1,2,1,ByBirth,300,551,1
39,1,27.75,0.585,0,0,InformationTechnology,White,0.25,1,1,2,0,ByBirth,260,500,1
40,1,54.58,9.415,1,1,Healthcare,Latino,14.415,1,1,11,1,ByBirth,30,300,1
41,1,34.17,9.17,1,1,Energy,White,4.5,1,1,12,1,ByBirth,0,221,1
42,1,28.92,15.0,1,1,Energy,Black,5.335,1,1,11,0,ByBirth,0,2283,1
43,1,29.67,1.415,1,1,Industrials,Black,0.75,1,1,1,0,ByBirth,240,100,1
44,1,39.58,13.915,1,1,Industrials,White,8.625,1,1,6,1,ByBirth,70,0,1
45,1,56.42,28.0,0,0,Energy,White,28.5,1,1,40,0,ByBirth,0,15,1
46,1,54.33,6.75,1,1,Energy,Black,2.625,1,1,11,1,ByBirth,0,284,1
47,0,41.0,2.04,0,0,Materials,Black,0.125,1,1,23,1,ByBirth,455,1236,1
48,1,31.92,4.46,1,1,InformationTechnology,Black,6.04,1,1,3,0,ByBirth,311,300,1
49,1,41.5,1.54,1,1,ConsumerDiscretionary,Asian,3.5,0,0,0,0,ByBirth,216,0,1
50,1,23.92,0.665,1,1,Energy,White,0.165,0,0,0,0,ByBirth,100,0,1
51,0,25.75,0.5,1,1,Energy,Black,0.875,1,0,0,1,ByBirth,491,0,1
52,1,26.0,1.0,1,1,Materials,White,1.75,1,0,0,1,ByBirth,280,0,1
53,1,37.42,2.04,1,1,Industrials,White,0.04,1,0,0,1,ByBirth,400,5800,1
54,1,34.92,2.5,1,1,Industrials,White,0.0,1,0,0,1,ByBirth,239,200,1
55,1,34.25,3.0,1,1,InformationTechnology,Black,7.415,1,0,0,1,ByBirth,0,0,1
56,1,23.33,11.625,0,0,Industrials,White,0.835,1,0,0,1,ByBirth,160,300,1
57,1,23.17,0.0,1,1,InformationTechnology,White,0.085,1,0,0,0,ByBirth,0,0,1
58,1,44.33,0.5,1,1,ConsumerDiscretionary,Black,5.0,1,0,0,1,ByBirth,320,0,1
59,1,35.17,4.5,1,1,Utilities,Black,5.75,0,0,0,1,ByOtherMeans,711,0,1
60,1,43.25,3.0,1,1,Materials,Black,6.0,1,1,11,0,ByBirth,80,0,1
61,1,56.75,12.25,1,1,CommunicationServices,White,1.25,1,1,4,1,ByBirth,200,0,1
62,1,31.67,16.165,1,1,Real Estate,White,3.0,1,1,9,0,ByBirth,250,730,1
63,0,23.42,0.79,0,0,Materials,White,1.5,1,1,2,1,ByBirth,80,400,1
64,0,20.42,0.835,1,1,Materials,White,1.585,1,1,1,0,ByBirth,0,0,1
65,1,26.67,4.25,1,1,InformationTechnology,White,4.29,1,1,1,1,ByBirth,120,0,1
66,1,34.17,1.54,1,1,InformationTechnology,White,1.54,1,1,1,1,ByBirth,520,50000,1
67,0,36.0,1.0,1,1,Energy,White,2.0,1,1,11,0,ByBirth,0,456,1
68,1,25.5,0.375,1,1,CommunicationServices,White,0.25,1,1,3,0,ByBirth,260,15108,1
69,1,19.42,6.5,1,1,Industrials,Black,1.46,1,1,7,0,ByBirth,80,2954,1
70,1,35.17,25.125,1,1,Utilities,Black,1.625,1,1,1,1,ByBirth,515,500,1
71,1,32.33,7.5,1,1,Education,Asian,1.585,1,0,0,1,ByOtherMeans,420,0,0
72,1,34.83,4.0,1,1,Real Estate,Asian,12.5,1,0,0,1,ByBirth,0,0,0
73,0,38.58,5.0,1,1,InformationTechnology,White,13.5,1,0,0,1,ByBirth,980,0,0
74,1,44.25,0.5,1,1,CommunicationServices,White,10.75,1,0,0,0,ByOtherMeans,400,0,0
75,1,44.83,7.0,0,0,Energy,White,1.625,0,0,0,0,ByBirth,160,2,0
76,1,20.67,5.29,1,1,Materials,White,0.375,1,1,1,0,ByBirth,160,0,0
77,1,34.08,6.5,1,1,ConsumerStaples,White,0.125,1,0,0,1,ByBirth,443,0,0
78,0,19.17,0.585,0,0,ConsumerStaples,White,0.585,1,0,0,1,ByBirth,160,0,0
79,1,21.67,1.165,0,0,Financials,White,2.5,1,1,1,0,ByBirth,180,20,0
80,1,21.5,9.75,1,1,Energy,White,0.25,1,0,0,0,ByBirth,140,0,0
81,1,49.58,19.0,1,1,Healthcare,Latino,0.0,1,1,1,0,ByBirth,94,0,0
82,0,27.67,1.5,1,1,CommunicationServices,White,2.0,1,0,0,0,ByOtherMeans,368,0,0
83,1,39.83,0.5,1,1,CommunicationServices,White,0.25,1,0,0,0,ByOtherMeans,288,0,0
84,0,28.46,3.5,1,1,Real Estate,White,3.0,1,0,0,1,ByBirth,300,0,0
85,1,27.25,0.625,1,1,ConsumerStaples,White,0.455,1,0,0,1,ByBirth,200,0,0
86,1,37.17,4.0,1,1,Energy,Asian,5.0,1,0,0,1,ByOtherMeans,280,0,0
87,1,28.46,0.375,1,1,Real Estate,White,0.875,1,0,0,1,ByOtherMeans,928,0,0
88,1,25.67,2.21,0,0,ConsumerStaples,White,4.0,1,0,0,0,ByBirth,188,0,0
89,1,34.0,4.5,1,1,ConsumerStaples,White,1.0,1,0,0,1,ByBirth,240,0,0
90,0,49.0,1.5,1,1,Research,Other,0.0,1,0,0,1,ByBirth,100,27,0
91,1,62.5,12.75,0,0,Energy,Black,5.0,1,0,0,0,ByBirth,112,0,0
92,1,31.42,15.5,1,1,Energy,White,0.5,1,0,0,0,ByBirth,120,0,0
93,1,28.46,5.0,0,0,ConsumerStaples,White,8.5,1,0,0,0,ByBirth,0,0,0
94,1,52.33,1.375,0,0,Energy,Black,9.46,1,0,0,1,ByBirth,200,100,0
95,1,28.75,1.5,0,0,Energy,White,1.5,1,0,0,1,ByBirth,0,225,0
96,0,28.58,3.54,1,1,ConsumerDiscretionary,Asian,0.5,1,0,0,1,ByBirth,171,0,0
97,1,23.0,0.625,0,0,ConsumerStaples,White,0.125,1,0,0,0,ByBirth,180,1,0
98,1,28.46,0.5,1,1,Energy,Asian,0.835,1,0,0,1,ByOtherMeans,320,0,0
99,0,22.5,11.0,0,0,Materials,White,3.0,1,0,0,1,ByBirth,268,0,0
100,0,28.5,1.0,1,1,Materials,White,1.0,1,1,2,1,ByBirth,167,500,0
101,1,37.5,1.75,0,0,Energy,Asian,0.25,1,0,0,1,ByBirth,164,400,0
102,1,35.25,16.5,0,0,Energy,White,4.0,1,0,0,0,ByBirth,80,0,0
103,1,18.67,5.0,1,1,Materials,White,0.375,1,1,2,0,ByBirth,0,38,0
104,1,25.0,12.0,1,1,Financials,White,2.25,1,1,2,1,ByBirth,120,5,0
105,1,27.83,4.0,0,0,ConsumerDiscretionary,Black,5.75,1,1,2,1,ByBirth,75,0,0
106,1,54.83,15.5,1,1,Education,Other,0.0,1,1,20,0,ByBirth,152,130,0
107,1,28.75,1.165,1,1,Financials,White,0.5,1,0,0,0,ByOtherMeans,280,0,0
108,0,25.0,11.0,0,0,ConsumerStaples,White,4.5,1,0,0,0,ByBirth,120,0,0
109,1,40.92,2.25,0,0,Utilities,Black,10.0,1,0,0,1,ByBirth,176,0,0
110,0,19.75,0.75,1,1,Energy,White,0.795,1,1,5,1,ByBirth,140,5,0
111,1,29.17,3.5,1,1,Industrials,White,3.5,1,1,3,1,ByBirth,329,0,0
112,0,24.5,1.04,0,0,Healthcare,Latino,0.5,1,1,3,0,ByBirth,180,147,0
113,1,24.58,12.5,1,1,Industrials,White,0.875,1,0,0,1,ByBirth,260,0,0
114,0,33.75,0.75,1,1,Financials,Asian,1.0,1,1,3,1,ByBirth,212,0,0
115,1,20.67,1.25,0,0,Energy,Black,1.375,1,1,3,1,ByBirth,140,210,0
116,0,25.42,1.125,1,1,Materials,White,1.29,1,1,2,0,ByBirth,200,0,0
117,1,37.75,7.0,1,1,Materials,Black,11.5,1,1,7,1,ByBirth,300,5,0
118,1,52.5,6.5,1,1,Financials,White,6.29,1,1,15,0,ByBirth,0,11202,1
119,1,57.83,7.04,1,1,CommunicationServices,White,14.0,1,1,6,1,ByBirth,360,1332,1
120,0,20.75,10.335,1,1,InformationTechnology,Black,0.335,1,1,1,1,ByBirth,80,50,1
121,1,39.92,6.21,1,1,Materials,White,0.04,1,1,1,0,ByBirth,200,300,1
122,1,25.67,12.5,1,1,InformationTechnology,White,1.21,1,1,67,1,ByBirth,140,258,1
123,0,24.75,12.5,1,1,ConsumerStaples,White,1.5,1,1,12,1,ByBirth,120,567,1
124,0,44.17,6.665,1,1,Materials,White,7.375,1,1,3,1,ByBirth,0,0,1
125,0,23.5,9.0,1,1,Materials,White,8.5,1,1,5,1,ByBirth,120,0,1
126,1,34.92,5.0,1,1,Utilities,Black,7.5,1,1,6,1,ByBirth,0,1000,1
127,1,47.67,2.5,1,1,CommunicationServices,Asian,2.5,1,1,12,1,ByBirth,410,2510,1
128,1,22.75,11.0,1,1,Materials,White,2.5,1,1,7,1,ByBirth,100,809,1
129,1,34.42,4.25,1,1,ConsumerDiscretionary,Asian,3.25,1,1,2,0,ByBirth,274,610,1
130,0,28.42,3.5,1,1,Industrials,White,0.835,1,0,0,0,ByOtherMeans,280,0,1
131,1,67.75,5.5,1,1,Education,Other,13.0,1,1,1,1,ByBirth,0,0,1
132,1,20.42,1.835,1,1,Energy,White,2.25,1,1,1,0,ByBirth,100,150,1
133,0,47.42,8.0,1,1,Education,Asian,6.5,1,1,6,0,ByBirth,375,51100,1
134,1,36.25,5.0,1,1,Energy,Asian,2.5,1,1,6,0,ByBirth,0,367,1
135,1,32.67,5.5,1,1,Materials,Black,5.5,1,1,12,1,ByBirth,408,1000,1
136,1,48.58,6.5,1,1,Materials,Black,6.0,1,0,0,1,ByBirth,350,0,1
137,1,39.92,0.54,0,0,ConsumerStaples,White,0.5,1,1,3,0,ByBirth,200,1000,1
138,1,33.58,2.75,1,1,CommunicationServices,White,4.25,1,1,6,0,ByBirth,204,0,1
139,0,18.83,9.5,1,1,Industrials,White,1.625,1,1,6,1,ByBirth,40,600,1
140,0,26.92,13.5,1,1,Materials,Black,5.0,1,1,2,0,ByBirth,0,5000,1
141,0,31.25,3.75,1,1,InformationTechnology,Black,0.625,1,1,9,1,ByBirth,181,0,1
142,0,56.5,16.0,1,1,Research,Latino,0.0,1,1,15,0,ByBirth,0,247,1
143,1,43.0,0.29,0,0,InformationTechnology,Black,1.75,1,1,8,0,ByBirth,100,375,1
144,1,22.33,11.0,1,1,Industrials,White,2.0,1,1,1,0,ByBirth,80,278,1
145,1,27.25,1.665,1,1,InformationTechnology,Black,5.085,1,1,9,0,ByBirth,399,827,1
146,1,32.83,2.5,1,1,InformationTechnology,Black,2.75,1,1,6,0,ByBirth,160,2072,1
147,1,23.25,1.5,1,1,Materials,White,2.375,1,1,3,1,ByBirth,0,582,1
148,0,40.33,7.54,0,0,Materials,Black,8.0,1,1,14,0,ByBirth,0,2300,1
149,0,30.5,6.5,1,1,Energy,Asian,4.0,1,1,7,1,ByBirth,0,3065,1
150,0,52.83,15.0,1,1,Energy,White,5.5,1,1,14,0,ByBirth,0,2200,1
151,0,46.67,0.46,1,1,InformationTechnology,Black,0.415,1,1,11,1,ByBirth,440,6,1
152,0,58.33,10.0,1,1,Materials,White,4.0,1,1,14,0,ByBirth,0,1602,1
153,1,37.33,6.5,1,1,CommunicationServices,Black,4.25,1,1,12,1,ByBirth,93,0,1
154,1,23.08,2.5,1,1,Energy,White,1.085,1,1,11,1,ByBirth,60,2184,1
155,1,32.75,1.5,1,1,InformationTechnology,Black,5.5,1,1,3,1,ByBirth,0,0,1
156,0,21.67,11.5,0,0,Research,Other,0.0,1,1,11,1,ByBirth,0,0,1
157,0,28.5,3.04,0,0,Utilities,Black,2.54,1,1,1,0,ByBirth,70,0,1
158,0,68.67,15.0,1,1,Education,Other,0.0,1,1,14,0,ByBirth,0,3376,1
159,1,28.0,2.0,1,1,Financials,Black,4.165,1,1,2,1,ByBirth,181,0,1
160,1,34.08,0.08,0,0,CommunicationServices,Asian,0.04,1,1,1,1,ByBirth,280,2000,1
161,1,27.67,2.0,1,1,Utilities,Black,1.0,1,1,4,0,ByBirth,140,7544,1
162,1,44.0,2.0,1,1,CommunicationServices,White,1.75,1,1,2,1,ByBirth,0,15,1
163,1,25.08,1.71,1,1,Utilities,White,1.665,1,1,1,1,ByBirth,395,20,1
164,1,32.0,1.75,0,0,Education,Black,0.04,1,0,0,1,ByBirth,393,0,1
165,0,60.58,16.5,1,1,Materials,White,11.0,1,0,0,1,ByBirth,21,10561,1
166,0,40.83,10.0,1,1,Materials,Black,1.75,1,0,0,0,ByBirth,29,837,1
167,1,19.33,9.5,1,1,Materials,White,1.0,1,0,0,1,ByBirth,60,400,1
168,0,32.33,0.54,1,1,InformationTechnology,White,0.04,1,0,0,0,ByBirth,440,11177,1
169,1,36.67,3.25,1,1,Materials,Black,9.0,1,0,0,1,ByBirth,102,639,1
170,1,37.5,1.125,0,0,Real Estate,White,1.5,0,0,0,1,ByBirth,431,0,1
171,0,25.08,2.54,0,0,ConsumerStaples,White,0.25,1,0,0,1,ByBirth,370,0,1
172,1,41.33,0.0,1,1,Energy,Asian,15.0,1,0,0,0,ByBirth,0,0,1
173,1,56.0,12.5,1,1,Financials,Black,8.0,1,0,0,1,ByBirth,24,2028,1
174,0,49.83,13.585,1,1,Financials,Black,8.5,1,0,0,1,ByBirth,0,0,1
175,1,22.67,10.5,1,1,Materials,Black,1.335,1,0,0,0,ByBirth,100,0,1
176,1,27.0,1.5,0,0,Industrials,White,0.375,1,0,0,1,ByBirth,260,1065,1
177,1,25.0,12.5,1,1,ConsumerStaples,White,3.0,1,0,0,1,ByOtherMeans,20,0,1
178,0,26.08,8.665,1,1,ConsumerStaples,White,1.415,1,0,0,0,ByBirth,160,150,1
179,0,18.42,9.25,1,1,Materials,White,1.21,1,1,4,0,ByBirth,60,540,1
180,1,20.17,8.17,1,1,ConsumerStaples,White,1.96,1,1,14,0,ByBirth,60,158,1
181,1,47.67,0.29,1,1,Energy,Asian,15.0,1,1,20,0,ByBirth,0,15000,1
182,0,21.25,2.335,1,1,ConsumerDiscretionary,Asian,0.5,1,1,4,0,ByOtherMeans,80,0,1
183,0,20.67,3.0,1,1,Materials,White,0.165,1,1,3,0,ByBirth,100,6,1
184,0,57.08,19.5,1,1,Energy,White,5.5,1,1,7,0,ByBirth,0,3000,1
185,0,22.42,5.665,1,1,Materials,White,2.585,1,1,7,0,ByBirth,129,3257,1
186,1,48.75,8.5,1,1,Energy,Black,12.5,1,1,9,0,ByBirth,181,1655,1
187,1,40.0,6.5,1,1,ConsumerStaples,Asian,3.5,1,1,1,0,ByBirth,0,500,1
188,1,40.58,5.0,1,1,Energy,White,5.0,1,1,7,0,ByBirth,0,3065,1
189,0,28.67,1.04,1,1,Energy,White,2.5,1,1,5,1,ByBirth,300,1430,1
190,0,33.08,4.625,1,1,Materials,Black,1.625,1,1,2,0,ByBirth,0,0,1
191,1,21.33,10.5,1,1,Energy,White,3.0,1,0,0,1,ByBirth,0,0,1
192,1,42.0,0.205,1,1,ConsumerDiscretionary,Black,5.125,1,0,0,0,ByBirth,400,0,1
193,1,41.75,0.96,1,1,Utilities,White,2.5,1,0,0,0,ByBirth,510,600,1
194,1,22.67,1.585,0,0,Industrials,White,3.085,1,1,6,0,ByBirth,80,0,1
195,1,34.5,4.04,0,0,ConsumerDiscretionary,Asian,8.5,1,1,7,1,ByBirth,195,0,1
196,1,28.25,5.04,0,0,Energy,Asian,1.5,1,1,8,1,ByBirth,144,7,1
197,1,33.17,3.165,0,0,Utilities,White,3.165,1,1,3,1,ByBirth,380,0,1
198,1,48.17,7.625,1,1,Industrials,Black,15.5,1,1,12,0,ByBirth,0,790,1
199,1,27.58,2.04,0,0,ConsumerStaples,White,2.0,1,1,3,1,ByBirth,370,560,1
200,1,22.58,10.04,1,1,Utilities,White,0.04,1,1,9,0,ByBirth,60,396,1
201,0,24.08,0.5,1,1,Materials,Black,1.25,1,1,1,0,ByBirth,0,678,1
202,0,41.33,1.0,1,1,ConsumerDiscretionary,Asian,2.25,1,0,0,1,ByBirth,0,300,1
203,1,24.83,2.75,1,1,Energy,White,2.25,1,1,6,0,ByBirth,0,600,1
204,0,20.75,10.25,1,1,Materials,White,0.71,1,1,2,1,ByBirth,49,0,1
205,1,36.33,2.125,0,0,Industrials,White,0.085,1,1,1,0,ByBirth,50,1187,1
206,0,35.42,12.0,1,1,Materials,Black,14.0,1,1,8,0,ByBirth,0,6590,1
207,0,71.58,0.0,1,1,Energy,White,0.0,0,0,0,0,Temporary,0,0,1
208,1,28.67,9.335,1,1,Materials,Black,5.665,1,1,6,0,ByBirth,381,168,1
209,1,35.17,2.5,1,1,Financials,White,4.5,1,1,7,0,ByBirth,150,1270,1
210,1,39.5,4.25,1,1,Energy,Asian,6.5,1,1,16,0,ByBirth,117,1210,1
211,1,39.33,5.875,1,1,InformationTechnology,Black,10.0,1,1,14,1,ByBirth,399,0,1
212,1,24.33,6.625,0,0,Real Estate,White,5.5,1,0,0,1,ByOtherMeans,100,0,1
213,1,60.08,14.5,1,1,Healthcare,Latino,18.0,1,1,15,1,ByBirth,0,1000,1
214,1,23.08,11.5,1,1,ConsumerDiscretionary,White,3.5,1,1,9,0,ByBirth,56,742,1
215,1,26.67,2.71,0,0,InformationTechnology,White,5.25,1,1,1,0,ByBirth,211,0,1
216,1,48.17,3.5,1,1,ConsumerStaples,White,3.5,1,0,0,0,ByOtherMeans,230,0,1
217,1,41.17,4.04,1,1,InformationTechnology,Black,7.0,1,1,8,0,ByBirth,320,0,1
218,1,55.92,11.5,1,1,Healthcare,Latino,5.0,1,1,5,0,ByBirth,0,8851,1
219,1,53.92,9.625,1,1,Education,White,8.665,1,1,5,0,ByBirth,0,0,1
220,0,18.92,9.25,0,0,Energy,White,1.0,1,1,4,1,ByBirth,80,500,1
221,0,50.08,12.54,1,1,ConsumerStaples,White,2.29,1,1,3,1,ByBirth,156,0,1
222,1,65.42,11.0,1,1,Education,Other,20.0,1,1,7,1,ByBirth,22,0,1
223,0,17.58,9.0,1,1,ConsumerStaples,White,1.375,1,0,0,1,ByBirth,0,0,1
224,0,18.83,9.54,1,1,ConsumerStaples,White,0.085,1,0,0,0,ByBirth,100,0,1
225,0,37.75,5.5,1,1,Materials,White,0.125,1,0,0,1,ByBirth,228,0,1
226,1,23.25,4.0,1,1,Energy,Asian,0.25,1,0,0,1,ByBirth,160,0,1
227,1,18.08,5.5,1,1,Financials,White,0.5,1,0,0,0,ByBirth,80,0,1
228,0,22.5,8.46,0,0,Utilities,White,2.46,0,0,0,0,ByBirth,164,0,1
229,1,19.67,0.375,1,1,Materials,White,2.0,1,1,2,1,ByBirth,80,0,1
230,1,22.08,11.0,1,1,InformationTechnology,White,0.665,1,0,0,0,ByBirth,100,0,1
231,1,25.17,3.5,1,1,InformationTechnology,White,0.625,1,1,7,0,ByBirth,0,7059,1
232,0,47.42,3.0,1,1,Utilities,White,13.875,1,1,2,1,ByBirth,519,1704,1
233,1,33.5,1.75,1,1,Utilities,Black,4.5,1,1,4,1,ByBirth,253,857,1
234,1,27.67,13.75,1,1,Industrials,White,5.75,1,0,0,1,ByBirth,487,500,1
235,0,58.42,21.0,1,1,ConsumerDiscretionary,Asian,10.0,1,1,13,0,ByBirth,0,6700,1
236,0,20.67,1.835,1,1,Materials,White,2.085,1,1,5,0,ByBirth,220,2503,1
237,1,26.17,0.25,1,1,ConsumerDiscretionary,Asian,0.0,1,0,0,1,ByBirth,0,0,1
238,1,21.33,7.5,1,1,ConsumerStaples,White,1.415,1,1,1,0,ByBirth,80,9800,1
239,1,42.83,4.625,1,1,Materials,White,4.58,1,0,0,0,ByOtherMeans,0,0,1
240,1,38.17,10.125,1,1,Utilities,White,2.5,1,1,6,0,ByBirth,520,196,1
241,1,20.5,10.0,0,0,Energy,White,2.5,1,0,0,0,ByOtherMeans,40,0,1
242,1,48.25,25.085,1,1,Industrials,White,1.75,1,1,3,0,ByBirth,120,14,1
243,1,28.33,5.0,1,1,Industrials,White,11.0,1,0,0,1,ByBirth,70,0,1
244,0,18.75,7.5,1,1,Materials,White,2.71,1,1,5,0,ByBirth,0,26726,1
245,1,18.5,2.0,1,1,ConsumerDiscretionary,White,1.5,1,1,2,0,ByBirth,120,300,1
246,1,33.17,3.04,0,0,Energy,Black,2.04,1,1,1,1,ByBirth,180,18027,1
247,1,45.0,8.5,1,1,InformationTechnology,Black,14.0,1,1,1,1,ByBirth,88,2000,1
248,0,19.67,0.21,1,1,Materials,Black,0.29,1,1,11,0,ByBirth,80,99,1
249,1,24.5,12.75,1,1,Energy,Asian,4.75,1,1,2,0,ByBirth,73,444,1
250,1,21.83,11.0,1,1,Utilities,White,0.29,1,1,6,0,ByBirth,121,0,1
251,1,40.25,21.5,1,1,Education,Other,20.0,1,1,11,0,ByBirth,0,1200,1
252,1,41.42,5.0,1,1,Materials,Black,5.0,1,1,6,1,ByBirth,470,0,1
253,0,17.83,11.0,1,1,Utilities,Black,1.0,1,1,11,0,ByBirth,0,3000,1
254,1,23.17,11.125,1,1,Utilities,Black,0.46,1,1,1,0,ByBirth,100,0,1
255,1,28.46,0.625,1,1,Financials,White,0.25,0,0,0,0,ByBirth,380,2010,0
256,1,18.17,10.25,1,1,Energy,Black,1.085,0,0,0,0,ByBirth,320,13,0
257,1,20.0,11.045,1,1,Energy,White,2.0,0,0,0,1,ByBirth,136,0,0
258,1,20.0,0.0,1,1,Real Estate,White,0.5,0,0,0,0,ByBirth,144,0,0
259,0,20.75,9.54,1,1,ConsumerDiscretionary,White,0.04,0,0,0,0,ByBirth,200,1000,0
260,0,24.5,1.75,0,0,Energy,White,0.165,0,0,0,0,ByBirth,132,0,0
261,1,32.75,2.335,1,1,Real Estate,Black,5.75,0,0,0,1,ByBirth,292,0,0
262,0,52.17,0.0,0,0,Healthcare,Latino,0.0,0,0,0,0,ByBirth,0,0,0
263,0,48.17,1.335,1,1,ConsumerDiscretionary,Other,0.335,0,0,0,0,ByBirth,0,120,0
264,0,20.42,10.5,0,0,Utilities,Black,0.0,0,0,0,1,ByBirth,154,32,0
265,1,50.75,0.585,1,1,Healthcare,Latino,0.0,0,0,0,0,ByBirth,145,0,0
266,1,17.08,0.085,0,0,Energy,White,0.04,0,0,0,0,ByBirth,140,722,0
267,1,18.33,1.21,0,0,Education,Other,0.0,0,0,0,0,ByBirth,100,0,0
268,0,32.0,6.0,1,1,Real Estate,White,1.25,0,0,0,0,ByBirth,272,0,0
269,1,59.67,1.54,1,1,Materials,White,0.125,1,0,0,1,ByBirth,260,0,1
270,1,18.0,0.165,1,1,Materials,Other,0.21,0,0,0,0,ByBirth,200,40,1
271,1,37.58,0.0,1,1,Energy,White,0.0,0,0,0,0,Temporary,0,0,1
272,1,32.33,2.5,1,1,Energy,White,1.25,0,0,0,1,ByBirth,280,0,0
273,1,18.08,6.75,0,0,CommunicationServices,White,0.04,0,0,0,0,ByBirth,140,0,0
274,1,38.25,10.125,0,0,Financials,White,0.125,0,0,0,0,ByBirth,160,0,0
275,1,30.67,2.5,1,1,InformationTechnology,Black,2.25,0,0,0,1,ByOtherMeans,340,0,0
276,1,18.58,5.71,1,1,Real Estate,White,0.54,0,0,0,0,ByBirth,120,0,0
277,0,19.17,5.415,1,1,ConsumerDiscretionary,Black,0.29,0,0,0,0,ByBirth,80,484,0
278,0,18.17,10.0,0,0,Materials,Black,0.165,0,0,0,0,ByBirth,340,0,0
279,1,24.58,13.5,0,0,Healthcare,Latino,0.0,0,0,0,0,ByBirth,0,0,0
280,1,16.25,0.835,1,1,CommunicationServices,White,0.085,1,0,0,0,ByOtherMeans,200,0,0
281,1,21.17,0.875,0,0,Energy,Black,0.25,0,0,0,0,ByBirth,280,204,0
282,1,23.92,0.585,0,0,InformationTechnology,Black,0.125,0,0,0,0,ByBirth,240,1,0
283,1,17.67,4.46,1,1,Energy,White,0.25,0,0,0,0,ByOtherMeans,80,0,0
284,0,16.5,1.25,1,1,Materials,White,0.25,0,1,1,0,ByBirth,108,98,0
285,1,23.25,12.625,1,1,Energy,White,0.125,0,1,2,0,ByBirth,0,5552,0
286,1,17.58,10.0,1,1,Industrials,Black,0.165,0,1,1,0,ByBirth,120,1,0
287,0,28.46,1.5,1,1,Healthcare,Latino,0.0,0,1,2,1,ByBirth,200,105,0
288,1,29.5,0.58,1,1,Industrials,White,0.29,0,1,1,0,ByBirth,340,2803,0
289,1,18.83,0.415,0,0,Energy,White,0.165,0,1,1,0,ByBirth,200,1,0
290,0,21.75,1.75,0,0,Research,Other,0.0,0,0,0,0,ByBirth,160,0,0
291,1,23.0,0.75,1,1,CommunicationServices,White,0.5,0,0,0,1,ByOtherMeans,320,0,0
292,0,18.25,10.0,1,1,Industrials,White,1.0,0,1,1,0,ByBirth,120,1,0
293,1,25.42,0.54,1,1,Industrials,White,0.165,0,1,1,0,ByBirth,272,444,0
294,1,35.75,2.415,1,1,Industrials,White,0.125,0,1,2,0,ByBirth,220,1,0
295,0,16.08,0.335,1,1,Healthcare,Latino,0.0,0,1,1,0,ByBirth,160,126,0
296,0,31.92,3.125,1,1,Healthcare,Latino,3.04,0,1,2,1,ByBirth,200,4,0
297,1,69.17,9.0,1,1,Healthcare,Latino,4.0,0,1,1,0,ByBirth,70,6,0
298,1,32.92,2.5,1,1,ConsumerStaples,White,1.75,0,1,2,1,ByBirth,720,0,0
299,1,16.33,2.75,1,1,ConsumerStaples,White,0.665,0,1,1,0,ByBirth,80,21,0
300,1,22.17,12.125,1,1,Energy,White,3.335,0,1,2,1,ByBirth,180,173,0
301,0,57.58,2.0,1,1,Healthcare,Latino,6.5,0,1,1,0,ByBirth,0,10,0
302,1,18.25,0.165,1,1,Real Estate,White,0.25,0,0,0,1,ByOtherMeans,280,0,0
303,1,23.42,1.0,1,1,Energy,White,0.5,0,0,0,1,ByOtherMeans,280,0,0
304,0,15.92,2.875,1,1,Materials,White,0.085,0,0,0,0,ByBirth,120,0,0
305,0,24.75,13.665,1,1,Materials,Black,1.5,0,0,0,0,ByBirth,280,1,0
306,1,48.75,26.335,0,0,Healthcare,Latino,0.0,1,0,0,1,ByBirth,0,0,0
307,1,23.5,2.75,1,1,Healthcare,Latino,4.5,0,0,0,0,ByBirth,160,25,0
308,1,18.58,10.29,1,1,Healthcare,Latino,0.415,0,0,0,0,ByBirth,80,0,0
309,1,27.75,1.29,1,1,Financials,Black,0.25,0,0,0,1,ByOtherMeans,140,0,0
310,0,31.75,3.0,0,0,Research,Other,0.0,0,0,0,0,ByBirth,160,20,0
311,0,24.83,4.5,1,1,Industrials,White,1.0,0,0,0,1,ByBirth,360,6,0
312,1,19.0,1.75,0,0,Energy,White,2.335,0,0,0,1,ByBirth,112,6,0
313,0,16.33,0.21,1,1,ConsumerStaples,White,0.125,0,0,0,0,ByBirth,200,1,0
314,0,18.58,10.0,1,1,Real Estate,White,0.415,0,0,0,0,ByBirth,80,42,0
315,1,16.25,0.0,0,0,ConsumerStaples,White,0.25,0,0,0,0,ByBirth,60,0,0
316,1,23.0,0.75,1,1,CommunicationServices,White,0.5,1,0,0,1,ByOtherMeans,320,0,0
317,1,21.17,0.25,0,0,Energy,Black,0.25,0,0,0,0,ByBirth,280,204,0
318,1,17.5,22.0,0,1,Healthcare,Other,0.0,0,0,0,1,Temporary,450,100000,1
319,1,19.17,0.0,0,0,CommunicationServices,Asian,0.0,0,0,0,1,ByOtherMeans,500,1,1
320,1,36.75,0.125,0,0,Energy,White,1.5,0,0,0,1,ByBirth,232,113,1
321,1,21.25,1.5,1,1,Industrials,White,1.5,0,0,0,0,ByBirth,150,8,1
322,0,18.08,0.375,0,1,InformationTechnology,Latino,10.0,0,0,0,1,ByOtherMeans,300,0,1
323,0,33.67,0.375,1,1,InformationTechnology,White,0.375,0,0,0,0,ByBirth,300,44,1
324,1,48.58,0.205,0,0,Financials,White,0.25,1,1,11,0,ByBirth,380,2732,1
325,1,33.67,1.25,1,1,Industrials,White,1.165,0,0,0,0,ByBirth,120,0,0
326,0,29.5,1.085,0,0,Utilities,White,1.0,0,0,0,0,ByBirth,280,13,0
327,1,30.17,1.085,0,0,Energy,White,0.04,0,0,0,0,ByBirth,170,179,0
328,1,40.83,3.5,1,1,ConsumerDiscretionary,Asian,0.5,0,0,0,0,ByOtherMeans,1160,0,0
329,1,34.83,2.5,0,0,Industrials,White,3.0,0,0,0,0,ByOtherMeans,200,0,0
330,1,28.46,4.0,0,0,ConsumerDiscretionary,White,0.085,0,0,0,1,ByBirth,411,0,0
331,1,20.42,0.0,1,1,Energy,White,0.0,0,0,0,0,Temporary,0,0,0
332,0,33.25,2.5,0,0,Energy,White,2.5,0,0,0,1,ByBirth,0,2,0
333,1,34.08,2.5,1,1,Energy,White,1.0,0,0,0,0,ByBirth,460,16,0
334,0,25.25,12.5,1,1,Real Estate,White,1.0,0,0,0,1,ByBirth,180,1062,0
335,1,34.75,2.5,1,1,InformationTechnology,Asian,0.5,0,0,0,0,ByBirth,348,0,0
336,1,27.67,0.75,1,1,Materials,Black,0.165,0,0,0,1,ByBirth,220,251,0
337,1,47.33,6.5,1,1,Energy,White,1.0,0,0,0,1,ByBirth,0,228,0
338,0,34.83,1.25,0,0,ConsumerDiscretionary,Black,0.5,0,0,0,1,ByBirth,160,0,0
339,0,33.25,3.0,0,0,ConsumerStaples,White,2.0,0,0,0,0,ByBirth,180,0,0
340,1,28.0,3.0,1,1,Industrials,White,0.75,0,0,0,1,ByBirth,300,67,0
341,0,39.08,4.0,1,1,Energy,White,3.0,0,0,0,0,ByBirth,480,0,0
342,1,42.75,4.085,1,1,ConsumerStaples,White,0.04,0,0,0,0,ByBirth,108,100,0
343,1,26.92,2.25,1,1,ConsumerDiscretionary,Asian,0.5,0,0,0,1,ByBirth,640,4000,0
344,1,33.75,2.75,1,1,ConsumerDiscretionary,Asian,0.0,0,0,0,0,ByBirth,180,0,0
345,1,38.92,1.75,1,1,Financials,White,0.5,0,0,0,1,ByBirth,300,2,0
346,1,62.75,7.0,1,1,Education,Other,0.0,0,0,0,0,ByBirth,0,12,0
347,1,32.25,1.5,1,1,Energy,White,0.25,0,0,0,1,ByBirth,372,122,0
348,1,26.75,4.5,0,0,Energy,Asian,2.5,0,0,0,0,ByBirth,200,1210,0
349,1,63.33,0.54,1,1,Energy,White,0.585,1,1,3,1,ByBirth,180,0,0
350,1,27.83,1.5,1,1,Industrials,White,2.25,0,1,1,1,ByBirth,100,3,0
351,0,26.17,2.0,1,1,Research,Other,0.0,0,0,0,1,ByBirth,276,1,0
352,1,22.17,0.585,0,0,Healthcare,Latino,0.0,0,0,0,0,ByBirth,100,0,0
353,1,22.5,11.5,0,0,CommunicationServices,White,1.5,0,0,0,1,ByBirth,0,4000,0
354,1,30.75,1.585,1,1,Real Estate,White,0.585,0,0,0,1,ByOtherMeans,0,0,0
355,1,36.67,2.0,1,1,ConsumerDiscretionary,White,0.25,0,0,0,1,ByBirth,221,0,0
356,0,16.0,0.165,1,1,ConsumerStaples,White,1.0,0,1,2,1,ByBirth,320,1,0
357,1,41.17,1.335,1,1,Real Estate,White,0.165,0,0,0,0,ByBirth,168,0,0
358,0,19.5,0.165,1,1,Materials,White,0.04,0,0,0,1,ByBirth,380,0,0
359,1,32.42,3.0,1,1,Real Estate,White,0.165,0,0,0,1,ByBirth,120,0,0
360,0,36.75,4.71,1,1,Healthcare,Latino,0.0,0,0,0,0,ByBirth,160,0,0
361,0,30.25,5.5,1,1,Financials,White,5.5,0,0,0,1,ByOtherMeans,100,0,0
362,1,23.08,2.5,1,1,Healthcare,Latino,0.085,0,0,0,1,ByBirth,100,4208,0
363,1,26.83,0.54,1,1,Financials,Latino,0.0,0,0,0,0,ByBirth,100,0,0
364,1,16.92,0.335,0,0,Financials,White,0.29,0,0,0,0,ByOtherMeans,200,0,0
365,1,24.42,2.0,1,1,Education,Other,0.165,0,1,2,0,ByBirth,320,1300,0
366,1,42.83,1.25,1,1,CommunicationServices,White,13.875,0,1,1,1,ByBirth,352,112,0
367,0,22.75,6.165,1,1,ConsumerStaples,White,0.165,0,0,0,0,ByBirth,220,1000,0
368,1,39.42,1.71,0,0,CommunicationServices,White,0.165,0,0,0,0,ByOtherMeans,400,0,0
369,0,23.58,11.5,0,0,Financials,Black,3.0,0,0,0,1,ByBirth,20,16,0
370,1,21.42,0.75,0,0,Transport,Other,0.75,0,0,0,1,ByBirth,132,2,0
371,1,33.0,2.5,0,0,Industrials,White,7.0,0,0,0,1,ByBirth,280,0,0
372,1,26.33,13.0,1,1,Education,Other,0.0,0,0,0,1,ByBirth,140,1110,0
373,0,45.0,4.585,1,1,Financials,Black,1.0,0,0,0,1,ByOtherMeans,240,0,0
374,1,26.25,1.54,1,1,Industrials,White,0.125,0,0,0,0,ByBirth,100,0,0
375,1,28.17,0.585,1,1,ConsumerStaples,White,0.04,0,0,0,0,ByBirth,260,1004,0
376,0,20.83,0.5,0,0,Education,Other,1.0,0,0,0,0,ByBirth,260,0,0
377,1,28.67,14.5,1,1,Real Estate,White,0.125,0,0,0,0,ByBirth,0,286,0
378,1,20.67,0.835,0,0,Energy,White,2.0,0,0,0,1,ByOtherMeans,240,0,0
379,1,34.42,1.335,1,1,ConsumerDiscretionary,Asian,0.125,0,0,0,1,ByBirth,440,4500,0
380,1,33.58,0.25,1,1,ConsumerDiscretionary,Asian,4.0,0,0,0,1,ByOtherMeans,420,0,0
381,1,43.17,5.0,1,1,ConsumerDiscretionary,Asian,2.25,0,0,0,1,ByBirth,141,0,0
382,0,22.67,7.0,1,1,Energy,White,0.165,0,0,0,0,ByBirth,160,0,0
383,0,24.33,2.5,0,0,ConsumerDiscretionary,Asian,4.5,0,0,0,0,ByBirth,200,456,0
384,0,56.83,4.25,0,0,Healthcare,Latino,5.0,0,0,0,1,ByBirth,0,4,0
385,1,22.08,11.46,1,1,Financials,White,1.585,0,0,0,1,ByBirth,100,1212,0
386,1,34.0,5.5,0,0,Energy,White,1.5,0,0,0,1,ByBirth,60,0,0
387,1,22.58,1.5,0,0,ConsumerStaples,White,0.54,0,0,0,1,ByBirth,120,67,0
388,1,21.17,0.0,1,1,Energy,White,0.5,0,0,0,1,ByOtherMeans,0,0,0
389,1,26.67,14.585,1,1,ConsumerDiscretionary,Asian,0.0,0,0,0,1,ByBirth,178,0,0
390,1,22.92,0.17,1,1,CommunicationServices,White,0.085,0,0,0,0,ByOtherMeans,0,0,0
391,1,15.17,7.0,1,1,Education,White,1.0,0,0,0,0,ByBirth,600,0,0
392,1,39.92,5.0,1,1,ConsumerDiscretionary,Asian,0.21,0,0,0,0,ByBirth,550,0,0
393,1,27.42,12.5,1,1,ConsumerStaples,Asian,0.25,0,0,0,1,ByBirth,720,0,0
394,1,24.75,0.54,1,1,CommunicationServices,White,1.0,0,0,0,1,ByBirth,120,1,0
395,1,41.17,1.25,0,0,Industrials,White,0.25,0,0,0,0,ByBirth,0,195,0
396,0,33.08,1.625,1,1,Real Estate,White,0.54,0,0,0,1,ByBirth,0,0,0
397,1,29.83,2.04,0,0,Utilities,Black,0.04,0,0,0,0,ByBirth,128,1,0
398,0,23.58,0.585,0,0,Healthcare,Latino,0.125,0,0,0,0,ByBirth,120,87,0
399,1,26.17,12.5,0,0,Financials,Black,1.25,0,0,0,1,ByBirth,0,17,0
400,1,31.0,2.085,1,1,Energy,White,0.085,0,0,0,0,ByBirth,300,0,0
401,1,20.75,5.085,0,0,Research,White,0.29,0,0,0,0,ByBirth,140,184,0
402,1,28.92,0.375,1,1,Energy,White,0.29,0,0,0,0,ByBirth,220,140,0
403,0,51.92,6.5,1,1,ConsumerDiscretionary,Asian,3.085,0,0,0,1,ByBirth,73,0,0
404,0,22.67,0.335,1,1,Materials,White,0.75,0,0,0,0,ByOtherMeans,160,0,0
405,1,34.0,5.085,0,0,ConsumerDiscretionary,Asian,1.085,0,0,0,1,ByBirth,480,0,0
406,0,69.5,6.0,1,1,Healthcare,Latino,0.0,0,0,0,0,ByOtherMeans,0,0,0
407,0,40.33,8.125,0,0,Financials,White,0.165,0,1,2,0,ByBirth,0,18,0
408,0,19.58,0.665,0,0,Energy,White,1.0,0,1,1,0,ByBirth,2000,2,0
409,1,16.0,3.125,1,1,Industrials,White,0.085,0,1,1,0,ByBirth,0,6,0
410,1,17.08,0.25,1,1,Materials,White,0.335,0,1,4,0,ByBirth,160,8,0
411,1,31.25,2.835,1,1,Healthcare,Latino,0.0,0,1,5,0,ByBirth,176,146,0
412,1,25.17,3.0,1,1,Energy,White,1.25,0,1,1,0,ByBirth,0,22,0
413,0,22.67,0.79,1,1,ConsumerDiscretionary,White,0.085,0,0,0,0,ByBirth,144,0,0
414,1,40.58,1.5,1,1,ConsumerDiscretionary,Asian,0.0,0,0,0,0,ByOtherMeans,300,0,0
415,1,22.25,0.46,1,1,Financials,White,0.125,0,0,0,1,ByBirth,280,55,0
416,0,22.25,1.25,0,0,Healthcare,Latino,3.25,0,0,0,0,ByBirth,280,0,0
417,1,22.5,0.125,0,0,Financials,White,0.125,0,0,0,0,ByBirth,200,70,0
418,1,23.58,1.79,1,1,Energy,White,0.54,0,0,0,1,ByBirth,136,1,0
419,1,38.42,0.705,1,1,Energy,White,0.375,0,1,2,0,ByBirth,225,500,0
420,0,26.58,2.54,0,0,Healthcare,Latino,0.0,0,0,0,1,ByBirth,180,60,0
421,1,35.0,2.5,1,1,ConsumerDiscretionary,White,1.0,0,0,0,1,ByBirth,210,0,0
422,1,20.42,1.085,1,1,Materials,White,1.5,0,0,0,0,ByBirth,108,7,0
423,1,29.42,1.25,1,1,Industrials,White,1.75,0,0,0,0,ByBirth,200,0,0
424,1,26.17,0.835,1,1,InformationTechnology,White,1.165,0,0,0,0,ByBirth,100,0,0
425,1,33.67,2.165,1,1,Energy,White,1.5,0,0,0,0,Temporary,120,0,0
426,1,24.58,1.25,1,1,Energy,White,0.25,0,0,0,0,ByBirth,110,0,0
427,0,27.67,2.04,1,1,Industrials,White,0.25,0,0,0,1,ByBirth,180,50,0
428,1,37.5,0.835,1,1,Education,White,0.04,0,0,0,0,ByBirth,120,5,0
429,1,49.17,2.29,1,1,Healthcare,Latino,0.29,0,0,0,0,ByBirth,200,3,0
430,1,33.58,0.335,0,0,InformationTechnology,White,0.085,0,0,0,0,ByBirth,180,0,0
431,1,51.83,3.0,0,0,Healthcare,Latino,1.5,0,0,0,0,ByBirth,180,4,0
432,1,22.92,3.165,0,0,Energy,White,0.165,0,0,0,0,ByBirth,160,1058,0
433,1,21.83,1.54,1,1,Financials,White,0.085,0,0,0,1,ByBirth,356,0,0
434,1,25.25,1.0,1,1,ConsumerStaples,White,0.5,0,0,0,0,ByBirth,200,0,0
435,1,58.58,2.71,1,1,Energy,White,2.415,0,0,0,1,ByBirth,320,0,0
436,1,19.0,0.0,0,0,Healthcare,Latino,0.0,0,1,4,0,ByBirth,45,1,0
437,1,19.58,0.585,1,1,Healthcare,Latino,0.0,0,1,3,0,ByBirth,350,769,0
438,0,53.33,0.165,1,1,Healthcare,Latino,0.0,0,0,0,1,ByOtherMeans,62,27,0
439,0,27.17,1.25,1,1,Healthcare,Latino,0.0,0,1,1,0,ByBirth,92,300,0
440,1,25.92,0.875,1,1,Financials,White,0.375,0,1,2,1,ByBirth,174,3,0
441,1,23.08,0.0,1,1,Financials,White,1.0,0,1,11,0,ByOtherMeans,0,0,0
442,1,39.58,5.0,1,1,Healthcare,Latino,0.0,0,1,2,0,ByBirth,17,1,0
443,1,30.58,2.71,0,0,CommunicationServices,White,0.125,0,0,0,1,ByOtherMeans,80,0,0
444,1,17.25,3.0,1,1,Financials,White,0.04,0,0,0,1,ByBirth,160,40,0
445,0,17.67,0.0,0,0,Research,Latino,0.0,0,0,0,0,ByBirth,86,0,0
446,0,28.46,11.25,1,1,Healthcare,Latino,0.0,0,0,0,0,ByBirth,0,5200,0
447,1,16.5,0.125,1,1,Energy,White,0.165,0,0,0,0,ByBirth,132,0,0
448,0,27.33,1.665,1,1,Healthcare,Latino,0.0,0,0,0,0,ByBirth,340,1,0
449,1,31.25,1.125,1,1,Healthcare,Latino,0.0,0,1,1,0,ByBirth,96,19,0
450,1,20.0,7.0,1,1,Energy,White,0.5,0,0,0,0,ByBirth,0,0,0
451,1,28.46,3.0,0,0,ConsumerDiscretionary,Asian,7.0,0,0,0,0,ByBirth,0,1,0
452,1,39.5,1.625,1,1,Energy,White,1.5,0,0,0,0,ByBirth,0,316,0
453,1,36.5,4.25,1,1,Materials,White,3.5,0,0,0,0,ByBirth,454,50,0
454,1,29.75,0.665,1,1,Industrials,White,0.25,0,0,0,1,ByBirth,300,0,0
455,1,52.42,1.5,1,1,Real Estate,White,3.75,0,0,0,1,ByBirth,0,350,0
456,1,36.17,18.125,1,1,Industrials,White,0.085,0,0,0,0,ByBirth,320,3552,0
457,1,34.58,0.0,1,1,Energy,White,0.0,0,0,0,0,Temporary,0,0,0
458,1,29.67,0.75,0,0,Energy,White,0.04,0,0,0,0,ByBirth,240,0,0
459,1,36.17,5.5,1,1,ConsumerDiscretionary,Asian,5.0,0,0,0,0,ByBirth,210,687,0
460,1,25.67,0.29,0,0,Energy,White,1.5,0,0,0,1,ByBirth,160,0,0
461,0,24.5,2.415,0,0,Energy,White,0.0,0,0,0,0,ByBirth,120,0,0
462,1,24.08,0.875,1,1,CommunicationServices,White,0.085,0,1,4,0,ByBirth,254,1950,0
463,1,21.92,0.5,1,1,Energy,White,0.125,0,0,0,0,ByBirth,360,0,0
464,0,36.58,0.29,1,1,Healthcare,Latino,0.0,0,1,10,0,ByBirth,200,18,0
465,0,23.0,1.835,1,1,Research,Other,0.0,0,1,1,0,ByBirth,200,53,0
466,0,27.58,3.0,1,1,CommunicationServices,White,2.79,0,1,1,1,ByBirth,280,10,0
467,1,31.08,3.085,1,1,Energy,White,2.5,0,1,2,1,ByBirth,160,41,0
468,0,30.42,1.375,1,1,Industrials,Black,0.04,0,1,3,0,ByBirth,0,33,0
469,1,22.08,2.335,1,1,Financials,White,0.75,0,0,0,0,ByBirth,180,0,0
470,1,16.33,4.085,1,1,ConsumerDiscretionary,Black,0.415,0,0,0,1,ByBirth,120,0,0
471,0,21.92,11.665,1,1,Financials,Black,0.085,0,0,0,0,ByBirth,320,5,0
472,1,21.08,4.125,0,0,ConsumerDiscretionary,Black,0.04,0,0,0,0,ByBirth,140,100,0
473,1,17.42,6.5,1,1,ConsumerDiscretionary,White,0.125,0,0,0,0,ByBirth,60,100,0
474,1,19.17,4.0,0,0,ConsumerDiscretionary,White,1.0,0,0,0,1,ByBirth,360,1000,0
475,1,20.67,0.415,1,1,Energy,White,0.125,0,0,0,0,ByBirth,0,44,0
476,1,26.75,2.0,1,1,Real Estate,White,0.75,0,0,0,1,ByBirth,80,0,0
477,1,23.58,0.835,1,1,ConsumerDiscretionary,Black,0.085,0,0,0,1,ByBirth,220,5,0
478,1,39.17,2.5,0,0,ConsumerDiscretionary,Black,10.0,0,0,0,1,ByOtherMeans,200,0,0
479,1,22.75,11.5,1,1,ConsumerDiscretionary,White,0.415,0,0,0,0,ByBirth,0,0,0
480,1,26.5,2.71,0,0,Energy,White,0.085,0,0,0,0,ByOtherMeans,80,0,0
481,0,16.92,0.5,1,1,ConsumerDiscretionary,White,0.165,0,1,6,1,ByBirth,240,35,0
482,1,23.5,3.165,0,0,Financials,White,0.415,0,1,1,1,ByBirth,280,80,0
483,0,17.33,9.5,1,1,ConsumerStaples,White,1.75,0,1,10,1,ByBirth,0,10,0
484,1,23.75,0.415,0,0,Energy,White,0.04,0,1,2,0,ByBirth,128,6,0
485,1,34.67,1.08,1,1,CommunicationServices,White,1.165,0,0,0,0,ByOtherMeans,28,0,0
486,1,74.83,19.0,0,0,Healthcare,Latino,0.04,0,1,2,0,ByBirth,0,351,0
487,1,28.17,0.125,0,0,Financials,White,0.085,0,0,0,0,ByBirth,216,2100,0
488,1,24.5,13.335,0,0,ConsumerStaples,White,0.04,0,0,0,1,ByBirth,120,475,0
489,1,18.83,3.54,0,0,Healthcare,Latino,0.0,0,0,0,1,ByBirth,180,1,0
490,1,45.33,1.0,1,1,Materials,White,0.125,0,0,0,1,ByBirth,263,0,0
491,0,47.25,0.75,1,1,Materials,Black,2.75,1,1,1,0,ByBirth,333,892,1
492,1,24.17,0.875,1,1,Materials,White,4.625,1,1,2,1,ByBirth,520,2000,1
493,1,39.25,9.5,1,1,CommunicationServices,White,6.5,1,1,14,0,ByBirth,240,4607,1
494,0,20.5,11.835,1,1,Energy,Black,6.0,1,0,0,0,ByBirth,340,0,1
495,0,18.83,4.415,0,0,Energy,Black,3.0,1,0,0,0,ByBirth,240,0,1
496,1,19.17,9.5,1,1,Industrials,White,1.5,1,0,0,0,ByBirth,120,2206,1
497,0,25.0,0.875,1,1,Utilities,Black,1.04,1,0,0,1,ByBirth,160,5860,1
498,1,20.17,9.25,1,1,Energy,White,1.665,1,1,3,1,ByBirth,40,28,1
499,1,25.75,0.5,1,1,Energy,White,1.46,1,1,5,1,ByBirth,312,0,1
500,1,20.42,7.0,1,1,Energy,White,1.625,1,1,3,0,ByBirth,200,1391,1
501,1,28.46,4.0,1,1,Utilities,White,5.0,1,1,3,1,ByBirth,290,2279,1
502,1,39.0,5.0,1,1,InformationTechnology,White,3.5,1,1,10,1,ByBirth,0,0,1
503,0,64.08,0.165,1,1,Healthcare,Latino,0.0,1,1,1,0,ByBirth,232,100,1
504,1,28.25,5.125,1,1,Utilities,White,4.75,1,1,2,0,ByBirth,420,7,1
505,0,28.75,3.75,1,1,Energy,White,1.085,1,1,1,1,ByBirth,371,0,1
506,1,31.33,19.5,1,1,Energy,White,7.0,1,1,16,0,ByBirth,0,5000,1
507,0,18.92,9.0,1,1,ConsumerStaples,White,0.75,1,1,2,0,ByBirth,88,591,1
508,0,24.75,3.0,1,1,Materials,Black,1.835,1,1,19,0,ByBirth,0,500,1
509,0,30.67,12.0,1,1,Energy,White,2.0,1,1,1,0,ByBirth,220,19,1
510,1,21.0,4.79,0,0,Industrials,White,2.25,1,1,1,1,ByBirth,80,300,1
511,1,13.75,4.0,0,0,Industrials,White,1.75,1,1,2,1,ByBirth,120,1000,1
512,0,46.0,4.0,1,1,Research,Other,0.0,1,0,0,0,ByBirth,100,960,1
513,0,44.33,0.0,1,1,Energy,White,2.5,1,0,0,0,ByBirth,0,0,1
514,1,20.25,9.96,1,1,Education,Other,0.0,1,0,0,0,ByBirth,0,0,1
515,1,22.67,2.54,0,0,Energy,Black,2.585,1,0,0,0,ByBirth,0,0,1
516,1,28.46,10.5,1,1,Utilities,White,6.5,1,0,0,0,ByBirth,0,0,1
517,0,60.92,5.0,1,1,ConsumerStaples,White,4.0,1,1,4,0,ByBirth,0,99,1
518,1,16.08,0.75,1,1,Energy,White,1.75,1,1,5,1,ByBirth,352,690,1
519,0,28.17,0.375,1,1,Materials,White,0.585,1,1,4,0,ByBirth,80,0,1
520,1,39.17,1.71,1,1,Utilities,White,0.125,1,1,5,1,ByBirth,480,0,1
521,1,20.42,7.5,1,1,Financials,White,1.5,1,1,1,0,ByBirth,160,234,1
522,0,30.0,5.29,1,1,Education,Other,2.25,1,1,5,1,ByBirth,99,500,1
523,1,22.83,3.0,1,1,CommunicationServices,White,1.29,1,1,1,0,ByBirth,260,800,1
524,0,22.5,8.5,1,1,Materials,White,1.75,1,1,10,0,ByBirth,80,990,0
525,0,28.58,1.665,1,1,Materials,White,2.415,1,0,0,1,ByBirth,440,0,0
526,1,45.17,1.5,1,1,Energy,White,2.5,1,0,0,1,ByBirth,140,0,0
527,1,41.58,1.75,1,1,Financials,White,0.21,1,0,0,0,ByBirth,160,0,0
528,0,57.08,0.335,1,1,ConsumerDiscretionary,Asian,1.0,1,0,0,1,ByBirth,252,2197,0
529,0,55.75,7.08,1,1,Financials,Black,6.75,1,1,3,1,ByBirth,100,50,0
530,1,43.25,25.21,1,1,Materials,Black,0.21,1,1,1,0,ByBirth,760,90,0
531,0,25.33,2.085,1,1,Energy,Black,2.75,1,0,0,1,ByBirth,360,1,0
532,0,24.58,0.67,1,1,ConsumerStaples,Black,1.75,1,0,0,0,ByBirth,400,0,0
533,1,43.17,2.25,1,1,ConsumerDiscretionary,Asian,0.75,1,0,0,0,ByBirth,560,0,0
534,1,40.92,0.835,1,1,Healthcare,Latino,0.0,1,0,0,0,ByBirth,130,1,0
535,1,31.83,2.5,1,1,ConsumerStaples,White,7.5,1,0,0,1,ByBirth,523,0,0
536,0,33.92,1.585,0,0,Healthcare,Latino,0.0,1,0,0,0,ByBirth,320,0,0
537,0,24.92,1.25,1,1,Healthcare,Latino,0.0,1,0,0,0,ByBirth,80,0,0
538,1,35.25,3.165,1,1,Utilities,Black,3.75,1,0,0,1,ByBirth,680,0,0
539,1,34.25,1.75,1,1,Industrials,Asian,0.25,1,0,0,1,ByBirth,163,0,0
540,1,80.25,5.5,1,1,Energy,White,0.54,1,0,0,0,ByBirth,0,340,0
541,1,19.42,1.5,0,0,InformationTechnology,White,2.0,1,0,0,1,ByBirth,100,20,0
542,1,42.75,3.0,1,1,ConsumerDiscretionary,Asian,1.0,1,0,0,0,ByBirth,0,200,0
543,1,19.67,10.0,0,0,Financials,Black,0.835,1,0,0,1,ByBirth,140,0,0
544,1,36.33,3.79,1,1,Industrials,White,1.165,1,0,0,1,ByBirth,200,0,0
545,1,30.08,1.04,0,0,ConsumerDiscretionary,Asian,0.5,1,1,10,1,ByBirth,132,28,0
546,1,44.25,11.0,0,0,Real Estate,White,1.5,1,0,0,0,ByOtherMeans,0,0,0
547,1,23.58,0.46,0,0,Industrials,White,2.625,1,1,6,1,ByBirth,208,347,0
548,1,23.92,1.5,1,1,Real Estate,Black,1.875,1,1,6,0,ByBirth,200,327,1
549,1,33.17,1.0,1,1,Utilities,White,0.75,1,1,7,1,ByBirth,340,4071,1
550,1,48.33,12.0,1,1,CommunicationServices,White,16.0,1,0,0,0,ByOtherMeans,110,0,1
551,1,76.75,22.29,1,1,Education,Other,12.75,1,1,1,1,ByBirth,0,109,1
552,1,51.33,10.0,1,1,ConsumerDiscretionary,Asian,0.0,1,1,11,0,ByBirth,0,1249,1
553,1,34.75,15.0,1,1,Transport,Other,5.375,1,1,9,1,ByBirth,0,134,1
554,1,38.58,3.335,1,1,Industrials,White,4.0,1,1,14,0,ByBirth,383,1344,1
555,0,22.42,11.25,0,0,Utilities,Black,0.75,1,1,4,0,ByBirth,0,321,1
556,1,41.92,0.42,1,1,Energy,Black,0.21,1,1,6,0,ByBirth,220,948,1
557,1,29.58,4.5,1,1,Industrials,White,7.5,1,1,2,1,ByBirth,330,0,1
558,0,32.17,1.46,1,1,Industrials,White,1.085,1,1,16,0,ByBirth,120,2079,1
559,1,51.42,0.04,1,1,Utilities,Black,0.04,1,0,0,0,ByBirth,0,3000,1
560,0,22.83,2.29,1,1,Materials,Black,2.29,1,1,7,1,ByBirth,140,2384,1
561,0,25.0,12.33,1,1,InformationTechnology,Black,3.5,1,1,6,0,ByBirth,400,458,1
562,1,26.75,1.125,1,1,Utilities,Black,1.25,1,0,0,0,ByBirth,0,5298,1
563,1,23.33,1.5,1,1,Energy,Black,1.415,1,0,0,0,ByBirth,422,200,1
564,1,24.42,12.335,1,1,Materials,Black,1.585,1,0,0,1,ByBirth,120,0,1
565,1,42.17,5.04,1,1,Materials,Black,12.75,1,0,0,1,ByBirth,92,0,1
566,0,20.83,3.0,1,1,ConsumerStaples,White,0.04,1,0,0,0,ByBirth,100,0,1
567,1,23.08,11.5,1,1,Industrials,Black,2.125,1,1,11,1,ByBirth,290,284,1
568,0,25.17,2.875,1,1,Utilities,Black,0.875,1,0,0,0,ByBirth,360,0,1
569,1,43.08,0.375,0,0,Energy,White,0.375,1,1,8,1,ByBirth,300,162,1
570,0,35.75,0.915,1,1,ConsumerStaples,White,0.75,1,1,4,0,ByBirth,0,1583,1
571,1,59.5,2.75,1,1,Industrials,White,1.75,1,1,5,1,ByBirth,60,58,1
572,1,21.0,3.0,0,0,Real Estate,White,1.085,1,1,8,1,ByBirth,160,1,1
573,1,21.92,0.54,0,0,Utilities,White,0.04,1,1,1,1,ByBirth,840,59,1
574,0,65.17,14.0,1,1,Healthcare,Latino,0.0,1,1,11,1,ByBirth,0,1400,1
575,0,20.33,10.0,1,1,Energy,Black,1.0,1,1,4,0,ByBirth,50,1465,1
576,1,32.25,0.165,0,0,Energy,Black,3.25,1,1,1,1,ByBirth,432,8000,1
577,1,30.17,0.5,1,1,Energy,White,1.75,1,1,11,0,ByBirth,32,540,1
578,1,25.17,6.0,1,1,Energy,White,1.0,1,1,3,0,ByBirth,0,0,1
579,1,39.17,1.625,1,1,Energy,White,1.5,1,1,10,0,ByBirth,186,4700,1
580,1,39.08,6.0,1,1,CommunicationServices,White,1.29,1,1,5,1,ByBirth,108,1097,1
581,1,31.67,0.83,1,1,Utilities,White,1.335,1,1,8,1,ByBirth,303,3290,1
582,1,41.0,0.04,1,1,Education,White,0.04,0,1,1,0,ByOtherMeans,560,0,1
583,1,48.5,4.25,1,1,CommunicationServices,White,0.125,1,0,0,1,ByBirth,225,0,1
584,1,32.67,9.0,0,0,Industrials,Black,5.25,1,0,0,1,ByBirth,154,0,1
585,0,28.08,15.0,0,0,Education,Other,0.0,1,0,0,0,ByBirth,0,13212,1
586,1,73.42,17.75,1,1,Healthcare,Latino,0.0,1,0,0,1,ByBirth,0,0,1
587,1,64.08,20.0,1,1,Utilities,Black,17.5,1,1,9,1,ByBirth,0,1000,1
588,1,51.58,15.0,1,1,Energy,White,8.5,1,1,9,0,ByBirth,0,0,1
589,1,26.67,1.75,0,0,Energy,White,1.0,1,1,5,1,ByBirth,160,5777,1
590,1,25.33,0.58,1,1,Energy,White,0.29,1,1,7,1,ByBirth,96,5124,1
591,1,30.17,6.5,1,1,InformationTechnology,White,3.125,1,1,8,0,ByBirth,330,1200,1
592,1,27.0,0.75,1,1,Energy,Black,4.25,1,1,3,1,ByBirth,312,150,1
593,1,23.17,0.0,1,1,Energy,White,0.0,0,0,0,0,Temporary,0,0,1
594,1,34.17,5.25,1,1,Industrials,White,0.085,0,0,0,1,ByBirth,290,6,1
595,1,38.67,0.21,1,1,Financials,White,0.085,1,0,0,1,ByBirth,280,0,1
596,1,25.75,0.75,1,1,Energy,Asian,0.25,1,0,0,0,ByBirth,349,23,1
597,0,46.08,3.0,1,1,Energy,White,2.375,1,1,8,1,ByBirth,396,4159,1
598,0,21.5,6.0,1,1,ConsumerStaples,White,2.5,1,1,3,0,ByBirth,80,918,1
599,1,20.08,0.125,1,1,Materials,White,1.0,0,1,1,0,ByBirth,240,768,1
600,1,20.5,2.415,1,1,Energy,White,2.0,1,1,11,1,ByBirth,200,3000,1
601,0,29.5,0.46,1,1,Financials,White,0.54,1,1,4,0,ByBirth,380,500,1
602,1,42.25,1.75,0,0,Energy,White,0.0,0,0,0,1,ByBirth,150,1,0
603,1,29.83,1.25,0,0,Financials,White,0.25,0,0,0,0,ByBirth,224,0,0
604,1,20.08,0.25,1,1,Materials,White,0.125,0,0,0,0,ByBirth,200,0,0
605,1,23.42,0.585,1,1,Energy,Black,0.085,1,0,0,0,ByBirth,180,0,0
606,0,29.58,1.75,0,0,Financials,White,1.25,0,0,0,1,ByBirth,280,0,0
607,1,16.17,0.04,1,1,Energy,White,0.04,0,0,0,0,ByBirth,0,0,1
608,1,32.33,3.5,1,1,Financials,White,0.5,0,0,0,1,ByBirth,232,0,0
609,1,28.46,0.04,0,0,Real Estate,White,4.25,0,0,0,1,ByBirth,460,0,0
610,1,47.83,4.165,1,1,Utilities,Asian,0.085,0,0,0,1,ByBirth,520,0,0
611,1,20.0,1.25,0,0,Financials,White,0.125,0,0,0,0,ByBirth,140,4,0
612,1,27.58,3.25,0,0,Materials,Black,5.085,0,1,2,1,ByBirth,369,1,0
613,1,22.0,0.79,1,1,Industrials,White,0.29,0,1,1,0,ByBirth,420,283,0
614,1,19.33,10.915,1,1,Energy,Asian,0.585,0,1,2,1,ByBirth,200,7,0
615,0,38.33,4.415,1,1,Energy,White,0.125,0,0,0,0,ByBirth,160,0,0
616,1,29.42,1.25,1,1,Energy,Black,0.25,0,1,2,1,ByBirth,400,108,0
617,1,22.67,0.75,1,1,ConsumerDiscretionary,White,1.585,0,1,1,1,ByBirth,400,9,0
618,1,32.25,14.0,0,0,Healthcare,Latino,0.0,0,1,2,0,ByBirth,160,1,0
619,1,29.58,4.75,1,1,CommunicationServices,White,2.0,0,1,1,1,ByBirth,460,68,0
620,1,18.42,10.415,0,0,ConsumerStaples,White,0.125,1,0,0,0,ByBirth,120,375,0
621,1,22.17,2.25,1,1,ConsumerDiscretionary,White,0.125,0,0,0,0,ByBirth,160,10,0
622,1,22.67,0.165,1,1,Energy,Other,2.25,0,0,0,1,ByOtherMeans,0,0,1
623,0,25.58,0.0,1,1,Energy,White,0.0,0,0,0,0,Temporary,0,0,1
624,1,18.83,0.0,1,1,Materials,White,0.665,0,0,0,0,ByBirth,160,1,0
625,1,21.58,0.79,0,0,InformationTechnology,White,0.665,0,0,0,0,ByBirth,160,0,0
626,1,23.75,12.0,1,1,Energy,White,2.085,0,0,0,0,ByOtherMeans,80,0,0
627,1,22.0,7.835,0,0,ConsumerDiscretionary,Asian,0.165,0,0,0,1,ByBirth,0,0,0
628,1,36.08,2.54,1,1,Healthcare,Latino,0.0,0,0,0,0,ByBirth,0,1000,0
629,1,29.25,13.0,1,1,Real Estate,Black,0.5,0,0,0,0,ByBirth,228,0,0
630,0,19.58,0.665,1,1,Industrials,White,1.665,0,0,0,0,ByBirth,220,5,0
631,0,22.92,1.25,1,1,Materials,White,0.25,0,0,0,1,ByBirth,120,809,0
632,0,27.25,0.29,1,1,CommunicationServices,Black,0.125,0,1,1,1,ByBirth,272,108,0
633,0,38.75,1.5,1,1,Healthcare,Latino,0.0,0,0,0,0,ByBirth,76,0,0
634,1,32.42,2.165,0,0,Financials,Latino,0.0,0,0,0,0,ByBirth,120,0,0
635,0,23.75,0.71,1,1,Industrials,White,0.25,0,1,1,1,ByBirth,240,4,0
636,1,18.17,2.46,1,1,Energy,Other,0.96,0,1,2,1,ByBirth,160,587,0
637,1,40.92,0.5,0,0,CommunicationServices,White,0.5,0,0,0,1,ByBirth,130,0,0
638,1,19.5,9.585,1,1,ConsumerStaples,White,0.79,0,0,0,0,ByBirth,80,350,0
639,1,28.58,3.625,1,1,ConsumerStaples,White,0.25,0,0,0,1,ByBirth,100,0,0
640,1,35.58,0.75,1,1,Financials,White,1.5,0,0,0,1,ByBirth,231,0,0
641,1,34.17,2.75,1,1,ConsumerDiscretionary,Asian,2.5,0,0,0,1,ByBirth,232,200,0
642,1,33.17,2.25,0,0,InformationTechnology,White,3.5,0,0,0,1,ByBirth,200,141,0
643,1,31.58,0.75,0,0,ConsumerStaples,White,3.5,0,0,0,1,ByBirth,320,0,0
644,0,52.5,7.0,1,1,ConsumerStaples,Black,3.0,0,0,0,0,ByBirth,0,0,0
645,1,36.17,0.42,0,0,Industrials,White,0.29,0,0,0,1,ByBirth,309,2,0
646,1,37.33,2.665,1,1,InformationTechnology,White,0.165,0,0,0,1,ByBirth,0,501,0
647,0,20.83,8.5,1,1,Energy,White,0.165,0,0,0,0,ByBirth,0,351,0
648,1,24.08,9.0,1,1,ConsumerStaples,White,0.25,0,0,0,1,ByBirth,0,0,0
649,1,25.58,0.335,1,1,Financials,Black,3.5,0,0,0,1,ByBirth,340,0,0
650,0,35.17,3.75,1,1,Healthcare,Latino,0.0,0,1,6,0,ByBirth,0,200,0
651,1,48.08,3.75,1,1,ConsumerDiscretionary,Asian,1.0,0,0,0,0,ByBirth,100,2,0
652,0,15.83,7.625,1,1,Materials,White,0.125,0,1,1,1,ByBirth,0,160,0
653,0,22.5,0.415,1,1,ConsumerDiscretionary,White,0.335,0,0,0,1,ByOtherMeans,144,0,0
654,1,21.5,11.5,1,1,ConsumerDiscretionary,White,0.5,1,0,0,1,ByBirth,100,68,0
655,0,23.58,0.83,1,1,Materials,White,0.415,0,1,1,1,ByBirth,200,11,0
656,0,21.08,5.0,0,0,Healthcare,Latino,0.0,0,0,0,0,ByBirth,0,0,0
657,1,25.67,3.25,1,1,Energy,Black,2.29,0,1,1,1,ByBirth,416,21,0
658,0,38.92,1.665,1,1,ConsumerStaples,White,0.25,0,0,0,0,ByBirth,0,390,0
659,0,15.75,0.375,1,1,Energy,White,1.0,0,0,0,0,ByBirth,120,18,0
660,0,28.58,3.75,1,1,Energy,White,0.25,0,1,1,1,ByBirth,40,154,0
661,1,22.25,9.0,1,1,ConsumerStaples,White,0.085,0,0,0,0,ByBirth,0,0,0
662,1,29.83,3.5,1,1,Energy,White,0.165,0,0,0,0,ByBirth,216,0,0
663,0,23.5,1.5,1,1,Industrials,White,0.875,0,0,0,1,ByBirth,160,0,0
664,1,32.08,4.0,0,0,InformationTechnology,White,1.5,0,0,0,1,ByBirth,120,0,0
665,1,31.08,1.5,0,0,Industrials,White,0.04,0,0,0,0,ByOtherMeans,160,0,0
666,1,31.83,0.04,0,0,CommunicationServices,White,0.04,0,0,0,0,ByBirth,0,0,0
667,0,21.75,11.75,1,1,Energy,White,0.25,0,0,0,1,ByBirth,180,0,0
668,0,17.92,0.54,1,1,Energy,White,1.75,0,1,1,1,ByBirth,80,5,0
669,1,30.33,0.5,1,1,Real Estate,Black,0.085,0,0,0,1,ByOtherMeans,252,0,0
670,1,51.83,2.04,0,0,Healthcare,Latino,1.5,0,0,0,0,ByBirth,120,1,0
671,1,47.17,5.835,1,1,Industrials,White,5.5,0,0,0,0,ByBirth,465,150,0
672,1,25.83,12.835,1,1,InformationTechnology,White,0.5,0,0,0,0,ByBirth,0,2,0
673,0,50.25,0.835,1,1,ConsumerStaples,White,0.5,0,0,0,1,ByBirth,240,117,0
674,1,29.5,2.0,0,0,Education,Black,2.0,0,0,0,0,ByBirth,256,17,0
675,0,37.33,2.5,1,1,ConsumerDiscretionary,Black,0.21,0,0,0,0,ByBirth,260,246,0
676,0,41.58,1.04,1,1,ConsumerStaples,White,0.665,0,0,0,0,ByBirth,240,237,0
677,0,30.58,10.665,1,1,Materials,Black,0.085,0,1,12,1,ByBirth,129,3,0
678,1,19.42,7.25,1,1,CommunicationServices,White,0.04,0,1,1,0,ByBirth,100,1,0
679,0,17.92,10.21,1,1,Healthcare,Latino,0.0,0,0,0,0,ByBirth,0,50,0
680,0,20.08,1.25,1,1,Energy,White,0.0,0,0,0,0,ByBirth,0,0,0
681,1,19.5,0.29,1,1,Financials,White,0.29,0,0,0,0,ByBirth,280,364,0
682,1,27.83,1.0,0,0,Real Estate,Black,3.0,0,0,0,0,ByBirth,176,537,0
683,1,17.08,3.29,1,1,ConsumerDiscretionary,White,0.335,0,0,0,1,ByBirth,140,2,0
684,1,36.42,0.75,0,0,Real Estate,White,0.585,0,0,0,0,ByBirth,240,3,0
685,1,40.58,3.29,1,1,CommunicationServices,White,3.5,0,0,0,1,ByOtherMeans,400,0,0
686,1,21.08,10.085,0,0,Education,Black,1.25,0,0,0,0,ByBirth,260,0,0
687,0,22.67,0.75,1,1,Energy,White,2.0,0,1,2,1,ByBirth,200,394,0
688,0,25.25,13.5,0,0,Healthcare,Latino,2.0,0,1,1,1,ByBirth,200,1,0
689,1,17.92,0.205,1,1,ConsumerStaples,White,0.04,0,0,0,0,ByBirth,280,750,0
690,1,35.0,3.375,1,1,Energy,Black,8.29,0,0,0,1,ByBirth,0,0,0
